# MySQL 多表连接SQL
## join 
1. select xxx from a,b where a.x = b.x
2. select xxx from a inner join b on a.x = b.x
3. select xxx from a join b on a.x = b.x


```
mysql> use test;
Reading table information for completion of table and column names
You can turn off this feature to get a quicker startup with -A

Database changed
mysql> create table x (a int(1),b datetime);
Query OK, 0 rows affected (0.10 sec)

mysql> insert into x values (1,now());
Query OK, 1 row affected (0.01 sec)

mysql> select * from x;
+------+---------------------+
| a    | b                   |
+------+---------------------+
|    1 | 2018-01-02 22:06:17 |
+------+---------------------+
1 row in set (0.00 sec)

mysql> insert into x values (2,now()-10);
Query OK, 1 row affected (0.00 sec)

mysql> insert into x values (2,now()-100);
Query OK, 1 row affected (0.00 sec)

mysql> select * from x;
+------+---------------------+
| a    | b                   |
+------+---------------------+
|    1 | 2018-01-02 22:06:17 |
|    2 | 2018-01-02 22:06:17 |
|    2 | 2018-01-02 22:05:32 |
+------+---------------------+
3 rows in set (0.00 sec)

mysql> create table y (a int(1),b int(3));
Query OK, 0 rows affected (0.03 sec)

mysql> insert into y values (1,6);
Query OK, 1 row affected (0.04 sec)

mysql> insert into y values (2,16);
Query OK, 1 row affected (0.00 sec)

mysql> insert into y values (3,162);
Query OK, 1 row affected (0.00 sec)

mysql> select * from y;
+------+------+
| a    | b    |
+------+------+
|    1 |    6 |
|    2 |   16 |
|    3 |  162 |
+------+------+
3 rows in set (0.00 sec)

mysql> select * from x,y where x.a = y.a;
+------+---------------------+------+------+
| a    | b                   | a    | b    |
+------+---------------------+------+------+
|    1 | 2018-01-02 22:06:17 |    1 |    6 |
|    2 | 2018-01-02 22:06:17 |    2 |   16 |
|    2 | 2018-01-02 22:05:32 |    2 |   16 |
+------+---------------------+------+------+
3 rows in set (0.01 sec)

mysql> explain select * from x,y where x.a = y.a;
+----+-------------+-------+------------+------+---------------+------+---------+------+------+----------+----------------------------------------------------+
| id | select_type | table | partitions | type | possible_keys | key  | key_len | ref  | rows | filtered | Extra                                              |
+----+-------------+-------+------------+------+---------------+------+---------+------+------+----------+----------------------------------------------------+
|  1 | SIMPLE      | x     | NULL       | ALL  | NULL          | NULL | NULL    | NULL |    3 |   100.00 | NULL                                               |
|  1 | SIMPLE      | y     | NULL       | ALL  | NULL          | NULL | NULL    | NULL |    3 |    33.33 | Using where; Using join buffer (Block Nested Loop) |
+----+-------------+-------+------------+------+---------------+------+---------+------+------+----------+----------------------------------------------------+

mysql> select * from x inner join y on x.a = y.a;
+------+---------------------+------+------+
| a    | b                   | a    | b    |
+------+---------------------+------+------+
|    1 | 2018-01-02 22:06:17 |    1 |    6 |
|    2 | 2018-01-02 22:06:17 |    2 |   16 |
|    2 | 2018-01-02 22:05:32 |    2 |   16 |
+------+---------------------+------+------+
3 rows in set (0.10 sec)


mysql> explain select * from x join y on x.a = y.a;
+----+-------------+-------+------------+------+---------------+------+---------+------+------+----------+----------------------------------------------------+
| id | select_type | table | partitions | type | possible_keys | key  | key_len | ref  | rows | filtered | Extra                                              |
+----+-------------+-------+------------+------+---------------+------+---------+------+------+----------+----------------------------------------------------+
|  1 | SIMPLE      | x     | NULL       | ALL  | NULL          | NULL | NULL    | NULL |    3 |   100.00 | NULL                                               |
|  1 | SIMPLE      | y     | NULL       | ALL  | NULL          | NULL | NULL    | NULL |    3 |    33.33 | Using where; Using join buffer (Block Nested Loop) |
+----+-------------+-------+------------+------+---------------+------+---------+------+------+----------+----------------------------------------------------+


mysql> select * from x join y on x.a = y.a;
+------+---------------------+------+------+
| a    | b                   | a    | b    |
+------+---------------------+------+------+
|    1 | 2018-01-02 22:06:17 |    1 |    6 |
|    2 | 2018-01-02 22:06:17 |    2 |   16 |
|    2 | 2018-01-02 22:05:32 |    2 |   16 |
+------+---------------------+------+------+
3 rows in set (0.00 sec)


mysql> explain select * from x inner join y on x.a = y.a;
+----+-------------+-------+------------+------+---------------+------+---------+------+------+----------+----------------------------------------------------+
| id | select_type | table | partitions | type | possible_keys | key  | key_len | ref  | rows | filtered | Extra                                              |
+----+-------------+-------+------------+------+---------------+------+---------+------+------+----------+----------------------------------------------------+
|  1 | SIMPLE      | x     | NULL       | ALL  | NULL          | NULL | NULL    | NULL |    3 |   100.00 | NULL                                               |
|  1 | SIMPLE      | y     | NULL       | ALL  | NULL          | NULL | NULL    | NULL |    3 |    33.33 | Using where; Using join buffer (Block Nested Loop) |
+----+-------------+-------+------------+------+---------------+------+---------+------+------+----------+----------------------------------------------------+
2 rows in set, 1 warning (0.00 sec)


//半连接
mysql> select * from y where a in (select a from x);
+------+------+
| a    | b    |
+------+------+
|    1 |    6 |
|    2 |   16 |
+------+------+
2 rows in set (0.01 sec)

mysql> select * from y inner join x on x.a = y.a;
+------+------+------+---------------------+
| a    | b    | a    | b                   |
+------+------+------+---------------------+
|    1 |    6 |    1 | 2018-01-02 22:06:17 |
|    2 |   16 |    2 | 2018-01-02 22:06:17 |
|    2 |   16 |    2 | 2018-01-02 22:05:32 |
+------+------+------+---------------------+
3 rows in set (0.00 sec)

 // 排重
mysql> select distinct y.* from y where a in (select a from x);
+------+------+
| a    | b    |
+------+------+
|    1 |    6 |
|    2 |   16 |
+------+------+
2 rows in set (0.01 sec)


```
#### 总结
1. 上述三种语法没有任何区别 explain 执行计划一模一样
2. 性能也没有任何区别
3. inner join 可以省略 innner


### 笛卡尔积
```
mysql> select count(*) from x;
+----------+
| count(*) |
+----------+
|        3 |
+----------+
1 row in set (0.01 sec)

mysql> select count(*) from y;
+----------+
| count(*) |
+----------+
|        3 |
+----------+
1 row in set (0.00 sec)

// 3X3 = 9
mysql> select * from y inner join x ;
+------+------+------+---------------------+
| a    | b    | a    | b                   |
+------+------+------+---------------------+
|    1 |    6 |    1 | 2018-01-02 22:06:17 |
|    2 |   16 |    1 | 2018-01-02 22:06:17 |
|    3 |  162 |    1 | 2018-01-02 22:06:17 |
|    1 |    6 |    2 | 2018-01-02 22:06:17 |
|    2 |   16 |    2 | 2018-01-02 22:06:17 |
|    3 |  162 |    2 | 2018-01-02 22:06:17 |
|    1 |    6 |    2 | 2018-01-02 22:05:32 |
|    2 |   16 |    2 | 2018-01-02 22:05:32 |
|    3 |  162 |    2 | 2018-01-02 22:05:32 |
+------+------+------+---------------------+
9 rows in set (0.00 sec)

//这种不会先产生笛卡尔积 所以 效率很高。
mysql> select * from y inner join x  where x.a = y.a and x.a = 1;
+------+------+------+---------------------+
| a    | b    | a    | b                   |
+------+------+------+---------------------+
|    1 |    6 |    1 | 2018-01-02 22:06:17 |
+------+------+------+---------------------+
1 row in set (0.00 sec)

```

## outer join
```
//left outer join 左表为保留表，也叫基准表 也就是主表 所有符合条件的左表中的数据都会展示出来，然后跟右表做关联匹配。如果右表不存在，则NULL代替.
//right outer join 也也一样，只不过是以右表为保留表。
//outer 可以省略。

mysql> select * from y left outer join x  on x.a = y.a ;
+------+------+------+---------------------+
| a    | b    | a    | b                   |
+------+------+------+---------------------+
|    1 |    6 |    1 | 2018-01-02 22:06:17 |
|    2 |   16 |    2 | 2018-01-02 22:06:17 |
|    2 |   16 |    2 | 2018-01-02 22:05:32 |
|    3 |  162 | NULL | NULL                |
+------+------+------+---------------------+
4 rows in set (0.01 sec)


//取出在一个表中 但是不在另外一个表中的数据----求差集
mysql> select * from y left outer join x  on x.a = y.a where x.a is null;
+------+------+------+------+
| a    | b    | a    | b    |
+------+------+------+------+
|    3 |  162 | NULL | NULL |
+------+------+------+------+
1 row in set (0.00 sec)

//子查询来实现差集。
mysql> select * from y where a not in (select a from x);
+------+------+
| a    | b    |
+------+------+
|    3 |  162 |
+------+------+
1 row in set (0.03 sec)

mysql> explain select * from y where a not in (select a from x);
+----+--------------------+-------+------------+------+---------------+------+---------+------+------+----------+-------------+
| id | select_type        | table | partitions | type | possible_keys | key  | key_len | ref  | rows | filtered | Extra       |
+----+--------------------+-------+------------+------+---------------+------+---------+------+------+----------+-------------+
|  1 | PRIMARY            | y     | NULL       | ALL  | NULL          | NULL | NULL    | NULL |    3 |   100.00 | Using where |
|  2 | DEPENDENT SUBQUERY | x     | NULL       | ALL  | NULL          | NULL | NULL    | NULL |    3 |   100.00 | Using where |
+----+--------------------+-------+------------+------+---------------+------+---------+------+------+----------+-------------+
2 rows in set, 1 warning (0.01 sec)

mysql> explain select * from y left outer join x  on x.a = y.a where x.a is null;
+----+-------------+-------+------------+------+---------------+------+---------+------+------+----------+----------------------------------------------------+
| id | select_type | table | partitions | type | possible_keys | key  | key_len | ref  | rows | filtered | Extra                                              |
+----+-------------+-------+------------+------+---------------+------+---------+------+------+----------+----------------------------------------------------+
|  1 | SIMPLE      | y     | NULL       | ALL  | NULL          | NULL | NULL    | NULL |    3 |   100.00 | NULL                                               |
|  1 | SIMPLE      | x     | NULL       | ALL  | NULL          | NULL | NULL    | NULL |    3 |    33.33 | Using where; Using join buffer (Block Nested Loop) |
+----+-------------+-------+------------+------+---------------+------+---------+------+------+----------+----------------------------------------------------+
2 rows in set, 1 warning (0.00 sec)

```

### on 和 where 的过滤比较
```

//内连接  
mysql> select * from y inner join x  where x.a = y.a and x.a = 1;
+------+------+------+---------------------+
| a    | b    | a    | b                   |
+------+------+------+---------------------+
|    1 |    6 |    1 | 2018-01-02 22:06:17 |
+------+------+------+---------------------+
1 row in set (0.01 sec)

mysql> select * from y inner join x  on x.a = y.a and x.a = 1;
+------+------+------+---------------------+
| a    | b    | a    | b                   |
+------+------+------+---------------------+
|    1 |    6 |    1 | 2018-01-02 22:06:17 |
+------+------+------+---------------------+
1 row in set (0.00 sec)

mysql> select * from y inner join x  on x.a = y.a where x.a = 1;
+------+------+------+---------------------+
| a    | b    | a    | b                   |
+------+------+------+---------------------+
|    1 |    6 |    1 | 2018-01-02 22:06:17 |
+------+------+------+---------------------+


//外连接  on做表之间的关联 where 做其他条件的过滤
mysql> select * from y left outer join x  on x.a = y.a where x.a is null;
+------+------+------+------+
| a    | b    | a    | b    |
+------+------+------+------+
|    3 |  162 | NULL | NULL |
+------+------+------+------+
1 row in set (0.00 sec)

mysql> select * from y left outer join x  on x.a = y.a and x.a is null;
+------+------+------+------+
| a    | b    | a    | b    |
+------+------+------+------+
|    1 |    6 | NULL | NULL |
|    2 |   16 | NULL | NULL |
|    3 |  162 | NULL | NULL |
+------+------+------+------+
3 rows in set (0.00 sec)


```

### 案例分析 left join 后 and 和 where 的比较
```
(root@localhost)[test]> create table a (id int ,sid int ,utype varchar(10));
Query OK, 0 rows affected (0.14 sec)

(root@localhost)[test]> insert into a values (1,1,'a'),(2,1,'b'),(3,2,'c'),(4,3,'d');
Query OK, 4 rows affected (0.11 sec)
Records: 4  Duplicates: 0  Warnings: 0

(root@localhost)[test]> create table b (sid int,remark varchar(10));
Query OK, 0 rows affected (0.02 sec)

(root@localhost)[test]> insert into b values (1,'a'),(2,'B'),(3,'C'),(4,'D');
Query OK, 4 rows affected (0.10 sec)
Records: 4  Duplicates: 0  Warnings: 0

(root@localhost)[test]> select * from a;
+------+------+-------+
| id   | sid  | utype |
+------+------+-------+
|    1 |    1 | a     |
|    2 |    1 | b     |
|    3 |    2 | c     |
|    4 |    3 | d     |
+------+------+-------+
4 rows in set (0.00 sec)

(root@localhost)[test]> select * from b;
+------+--------+
| sid  | remark |
+------+--------+
|    1 | a      |
|    2 | B      |
|    3 | C      |
|    4 | D      |
+------+--------+
4 rows in set (0.00 sec)

// 外链接 outer join 分三部：产生笛卡尔积、应用ON过滤器、添加外部行.
// 对于保留表中的行数据，如果是未找到匹配数据而被添加的记录，其值用NULL填充。
(root@localhost)[test]> select * from a left join b on a.sid=b.sid and b.sid = 1;
+------+------+-------+------+--------+
| id   | sid  | utype | sid  | remark |
+------+------+-------+------+--------+
|    1 |    1 | a     |    1 | a      |
|    2 |    1 | b     |    1 | a      |
|    3 |    2 | c     | NULL | NULL   |
|    4 |    3 | d     | NULL | NULL   |
+------+------+-------+------+--------+
4 rows in set (0.03 sec)

(root@localhost)[test]> select * from a left join b on a.sid=b.sid where b.sid=1;
+------+------+-------+------+--------+
| id   | sid  | utype | sid  | remark |
+------+------+-------+------+--------+
|    1 |    1 | a     |    1 | a      |
|    2 |    1 | b     |    1 | a      |
+------+------+-------+------+--------+
2 rows in set (0.00 sec)

(root@localhost)[test]>
(root@localhost)[test]>
(root@localhost)[test]>

// 内连接没有这个 and where的区别。都可以。
(root@localhost)[test]> select * from a inner join b on a.sid=b.sid where b.sid=1;
+------+------+-------+------+--------+
| id   | sid  | utype | sid  | remark |
+------+------+-------+------+--------+
|    1 |    1 | a     |    1 | a      |
|    2 |    1 | b     |    1 | a      |
+------+------+-------+------+--------+
2 rows in set (0.00 sec)

(root@localhost)[test]> select * from a inner join b on a.sid=b.sid and b.sid=1;
+------+------+-------+------+--------+
| id   | sid  | utype | sid  | remark |
+------+------+-------+------+--------+
|    1 |    1 | a     |    1 | a      |
|    2 |    1 | b     |    1 | a      |
+------+------+-------+------+--------+
2 rows in set (0.00 sec)


// 目前两个表都没有索引，连接的时候使用了 Block Nested Loop 算法。
(root@localhost)[test]> explain select * from a left join b on a.sid=b.sid where  b.sid=1;
+----+-------------+-------+------------+------+---------------+------+---------+------+------+----------+----------------------------------------------------+
| id | select_type | table | partitions | type | possible_keys | key  | key_len | ref  | rows | filtered | Extra                                              |
+----+-------------+-------+------------+------+---------------+------+---------+------+------+----------+----------------------------------------------------+
|  1 | SIMPLE      | a     | NULL       | ALL  | NULL          | NULL | NULL    | NULL |    4 |    25.00 | Using where                                        |
|  1 | SIMPLE      | b     | NULL       | ALL  | NULL          | NULL | NULL    | NULL |    4 |    25.00 | Using where; Using join buffer (Block Nested Loop) |
+----+-------------+-------+------------+------+---------------+------+---------+------+------+----------+----------------------------------------------------+



```

##### 针对上面的案例，如何最大限度优化这条sql？select utype from a where sid =1
```
(root@localhost)[test]> explain select utype from a where sid =1;
+----+-------------+-------+------------+------+---------------+------+---------+------+------+----------+-------------+
| id | select_type | table | partitions | type | possible_keys | key  | key_len | ref  | rows | filtered | Extra       |
+----+-------------+-------+------------+------+---------------+------+---------+------+------+----------+-------------+
|  1 | SIMPLE      | a     | NULL       | ALL  | NULL          | NULL | NULL    | NULL |    4 |    25.00 | Using where |
+----+-------------+-------+------------+------+---------------+------+---------+------+------+----------+-------------+
1 row in set, 1 warning (0.01 sec)

// 创建二级索引 需要回表
(root@localhost)[test]> alter table a add index idx_sid(sid);
Query OK, 0 rows affected (0.08 sec)
Records: 0  Duplicates: 0  Warnings: 0

(root@localhost)[test]> explain select utype from a where sid =1;
+----+-------------+-------+------------+------+---------------+---------+---------+-------+------+----------+-------+
| id | select_type | table | partitions | type | possible_keys | key     | key_len | ref   | rows | filtered | Extra |
+----+-------------+-------+------------+------+---------------+---------+---------+-------+------+----------+-------+
|  1 | SIMPLE      | a     | NULL       | ref  | idx_sid       | idx_sid | 5       | const |    2 |   100.00 | NULL  |
+----+-------------+-------+------------+------+---------------+---------+---------+-------+------+----------+-------+
1 row in set, 1 warning (0.00 sec)

(root@localhost)[test]> alter table a drop index idx_sid;
Query OK, 0 rows affected (0.03 sec)
Records: 0  Duplicates: 0  Warnings: 0

(root@localhost)[test]> show create table a;
+-------+-------------------------------------------------------------------------------------------------------------------------------------------------------+
| Table | Create Table                                                                                                                                          |
+-------+-------------------------------------------------------------------------------------------------------------------------------------------------------+
| a     | CREATE TABLE `a` (
  `id` int(11) DEFAULT NULL,
  `sid` int(11) DEFAULT NULL,
  `utype` varchar(10) DEFAULT NULL
) ENGINE=InnoDB DEFAULT CHARSET=utf8 |
+-------+-------------------------------------------------------------------------------------------------------------------------------------------------------+
1 row in set (0.01 sec)

// 创建联合索引
(root@localhost)[test]> alter table a add index idx_sid(sid,utype);
Query OK, 0 rows affected (0.04 sec)
Records: 0  Duplicates: 0  Warnings: 0

(root@localhost)[test]> explain select utype from a where sid =1;
+----+-------------+-------+------------+------+---------------+---------+---------+-------+------+----------+-------------+
| id | select_type | table | partitions | type | possible_keys | key     | key_len | ref   | rows | filtered | Extra       |
+----+-------------+-------+------------+------+---------------+---------+---------+-------+------+----------+-------------+
|  1 | SIMPLE      | a     | NULL       | ref  | idx_sid       | idx_sid | 5       | const |    2 |   100.00 | Using index |
+----+-------------+-------+------------+------+---------------+---------+---------+-------+------+----------+-------------+
1 row in set, 1 warning (0.00 sec)

(root@localhost)[test]>

```



### 结合employees测试库来分析用例

#### 取出每个员工的员工号和最新title信息
```
SELECT 
    emp_no, title
FROM
    titles
WHERE
    (emp_no , to_date) IN (SELECT 
            emp_no, MAX(to_date)
        FROM
            titles
        GROUP BY emp_no);
        
        
        
//派生表的用法
SELECT 
    e.emp_no, t.title
FROM
    employees e,
    (SELECT 
        emp_no, title
    FROM
        titles
    WHERE
        (emp_no , to_date) IN (SELECT 
                emp_no, MAX(to_date)
            FROM
                titles
            GROUP BY emp_no)) t
WHERE
    e.emp_no = t.emp_no;

```
## select * from xx limit 10；如果不带order by 就是随机取，优化器开心就好。

### 行号问题
```
mysql> select * from employees order by emp_no asc limit 10;
+--------+------------+------------+-----------+--------+------------+
| emp_no | birth_date | first_name | last_name | gender | hire_date  |
+--------+------------+------------+-----------+--------+------------+
|  10001 | 1953-09-02 | Georgi     | Facello   | M      | 1986-06-26 |
|  10002 | 1964-06-02 | Bezalel    | Simmel    | F      | 1985-11-21 |
|  10003 | 1959-12-03 | Parto      | Bamford   | M      | 1986-08-28 |
|  10004 | 1954-05-01 | Chirstian  | Koblick   | M      | 1986-12-01 |
|  10005 | 1955-01-21 | Kyoichi    | Maliniak  | M      | 1989-09-12 |
|  10006 | 1953-04-20 | Anneke     | Preusig   | F      | 1989-06-02 |
|  10007 | 1957-05-23 | Tzvetan    | Zielinski | F      | 1989-02-10 |
|  10008 | 1958-02-19 | Saniya     | Kalloufi  | M      | 1994-09-15 |
|  10009 | 1952-04-19 | Sumant     | Peac      | F      | 1985-02-18 |
|  10010 | 1963-06-01 | Duangkaew  | Piveteau  | F      | 1989-08-24 |
+--------+------------+------------+-----------+--------+------------+


mysql> set @rowno = 0;
Query OK, 0 rows affected (0.01 sec)

mysql> select  @rowno:=@rowno+1 as rowno,emp_no,birth_date,first_name,last_name,gender,hire_date from employees order by emp_no asc limit 10;
+-------+--------+------------+------------+-----------+--------+------------+
| rowno | emp_no | birth_date | first_name | last_name | gender | hire_date  |
+-------+--------+------------+------------+-----------+--------+------------+
|     1 |  10001 | 1953-09-02 | Georgi     | Facello   | M      | 1986-06-26 |
|     2 |  10002 | 1964-06-02 | Bezalel    | Simmel    | F      | 1985-11-21 |
|     3 |  10003 | 1959-12-03 | Parto      | Bamford   | M      | 1986-08-28 |
|     4 |  10004 | 1954-05-01 | Chirstian  | Koblick   | M      | 1986-12-01 |
|     5 |  10005 | 1955-01-21 | Kyoichi    | Maliniak  | M      | 1989-09-12 |
|     6 |  10006 | 1953-04-20 | Anneke     | Preusig   | F      | 1989-06-02 |
|     7 |  10007 | 1957-05-23 | Tzvetan    | Zielinski | F      | 1989-02-10 |
|     8 |  10008 | 1958-02-19 | Saniya     | Kalloufi  | M      | 1994-09-15 |
|     9 |  10009 | 1952-04-19 | Sumant     | Peac      | F      | 1985-02-18 |
|    10 |  10010 | 1963-06-01 | Duangkaew  | Piveteau  | F      | 1989-08-24 |
+-------+--------+------------+------------+-----------+--------+------------+
10 rows in set (0.00 sec)

//重新执行 这个数字还是会增加。需要再次初始化。
mysql> select  @rowno:=@rowno+1 as rowno,emp_no,birth_date,first_name,last_name,gender,hire_date from employees order by emp_no asc limit 10;
+-------+--------+------------+------------+-----------+--------+------------+
| rowno | emp_no | birth_date | first_name | last_name | gender | hire_date  |
+-------+--------+------------+------------+-----------+--------+------------+
|    11 |  10001 | 1953-09-02 | Georgi     | Facello   | M      | 1986-06-26 |
|    12 |  10002 | 1964-06-02 | Bezalel    | Simmel    | F      | 1985-11-21 |
|    13 |  10003 | 1959-12-03 | Parto      | Bamford   | M      | 1986-08-28 |
|    14 |  10004 | 1954-05-01 | Chirstian  | Koblick   | M      | 1986-12-01 |
|    15 |  10005 | 1955-01-21 | Kyoichi    | Maliniak  | M      | 1989-09-12 |
|    16 |  10006 | 1953-04-20 | Anneke     | Preusig   | F      | 1989-06-02 |
|    17 |  10007 | 1957-05-23 | Tzvetan    | Zielinski | F      | 1989-02-10 |
|    18 |  10008 | 1958-02-19 | Saniya     | Kalloufi  | M      | 1994-09-15 |
|    19 |  10009 | 1952-04-19 | Sumant     | Peac      | F      | 1985-02-18 |
|    20 |  10010 | 1963-06-01 | Duangkaew  | Piveteau  | F      | 1989-08-24 |
+-------+--------+------------+------------+-----------+--------+------------+

//如果不想每次都初始化这个值 那么请使用下面的方法
mysql> select  @a:=@a+1 as rowno,emp_no,birth_date,first_name,last_name,gender,hire_date from employees,(select @a := 0) a order by emp_no asc limit 10;
+-------+--------+------------+------------+-----------+--------+------------+
| rowno | emp_no | birth_date | first_name | last_name | gender | hire_date  |
+-------+--------+------------+------------+-----------+--------+------------+
|     1 |  10001 | 1953-09-02 | Georgi     | Facello   | M      | 1986-06-26 |
|     2 |  10002 | 1964-06-02 | Bezalel    | Simmel    | F      | 1985-11-21 |
|     3 |  10003 | 1959-12-03 | Parto      | Bamford   | M      | 1986-08-28 |
|     4 |  10004 | 1954-05-01 | Chirstian  | Koblick   | M      | 1986-12-01 |
|     5 |  10005 | 1955-01-21 | Kyoichi    | Maliniak  | M      | 1989-09-12 |
|     6 |  10006 | 1953-04-20 | Anneke     | Preusig   | F      | 1989-06-02 |
|     7 |  10007 | 1957-05-23 | Tzvetan    | Zielinski | F      | 1989-02-10 |
|     8 |  10008 | 1958-02-19 | Saniya     | Kalloufi  | M      | 1994-09-15 |
|     9 |  10009 | 1952-04-19 | Sumant     | Peac      | F      | 1985-02-18 |
|    10 |  10010 | 1963-06-01 | Duangkaew  | Piveteau  | F      | 1989-08-24 |
+-------+--------+------------+------------+-----------+--------+------------+
10 rows in set (0.00 sec)


//效率不高 因为关联子查询执行了N多次
mysql> SELECT
    ->     emp_no,
    ->     (SELECT
    ->             COUNT(1)
    ->         FROM
    ->             employees t2
    ->         WHERE
    ->             t2.`emp_no` <= t1.`emp_no`) AS row_num
    -> FROM
    ->     `employees` t1
    -> ORDER BY emp_no ASC
    -> LIMIT 10;
+--------+---------+
| emp_no | row_num |
+--------+---------+
|  10001 |       1 |
|  10002 |       2 |
|  10003 |       3 |
|  10004 |       4 |
|  10005 |       5 |
|  10006 |       6 |
|  10007 |       7 |
|  10008 |       8 |
|  10009 |       9 |
|  10010 |      10 |
+--------+---------+
10 rows in set (0.89 sec)

```

## 联接算法
### 1.SIMPLE Nested-Loop Join算法
### 2.Index Nested-Loop Join算法
### 3.Block Nested-Loop Join 算法

只有两张表关联查询时没有索引可以使用的时候，才会用Block Nested-Loop Join算法。join\_buffer_size 是每个线程都会用到的，所以要注意. join\_buffer\_size只存储需要关联的列，而不是整个记录。

|A表|B表|  
|:--|:--|  
|1|1|
|2|2|
|3|3|
| |4|
分别用SIMPLE Nested-Loop Join 和 Block Nested-Loop Join 算法比较

|比较维度|SIMPLE Nested-Loop Join|Block Nested-Loop Join|Hash Join|
|:--|:--|:--|:--|
|外表扫描次数|1|1|1|
|内表扫描次数|3|1|1|
|比较次数|12|12|4|


```mysql
(root@localhost)[dbt3]> show variables like '%join_buffer%';
+------------------+--------+
| Variable_name    | Value  |
+------------------+--------+
| join_buffer_size | 262144 |
+------------------+--------+
1 row in set (0.09 sec)
```


```
(root@localhost)[dbt3]> show create table orders;
+--------+-----------------------------------------------------------------------------------------------------------------------------------------------------------------------------------------------------------------------------------------------------------------------------------------------------------------------------------------------------------------------------------------------------------------------------------------------------------------------------------------------------------------------------------------------------------------------------------------------------------------------------------------------------------------------------------------------------------------------------------------------------------------------------------------------------------------+
| Table  | Create Table                                                                                                                                                                                                                                                                                                                                                                                                                                                                                                                                                                                                                                                                                                                                                                                                    |
+--------+-----------------------------------------------------------------------------------------------------------------------------------------------------------------------------------------------------------------------------------------------------------------------------------------------------------------------------------------------------------------------------------------------------------------------------------------------------------------------------------------------------------------------------------------------------------------------------------------------------------------------------------------------------------------------------------------------------------------------------------------------------------------------------------------------------------------+
| orders | CREATE TABLE `orders` (
  `o_orderkey` int(11) NOT NULL,
  `o_custkey` int(11) DEFAULT NULL,
  `o_orderstatus` char(1) DEFAULT NULL,
  `o_totalprice` double DEFAULT NULL,
  `o_orderDATE` date DEFAULT NULL,
  `o_orderpriority` char(15) DEFAULT NULL,
  `o_clerk` char(15) DEFAULT NULL,
  `o_shippriority` int(11) DEFAULT NULL,
  `o_comment` varchar(79) DEFAULT NULL,
  PRIMARY KEY (`o_orderkey`),
  KEY `i_o_orderdate` (`o_orderDATE`),
  KEY `i_o_custkey` (`o_custkey`),
  KEY `idx_o_totalprice` (`o_totalprice`),
  KEY `idx_a_b_c` (`o_custkey`,`o_orderDATE`,`o_orderstatus`),
  KEY `idx_cust_date_status_80` (`o_custkey`,`o_orderDATE`,`o_orderstatus`),
  CONSTRAINT `_orders_ibfk_1` FOREIGN KEY (`o_custkey`) REFERENCES `customer` (`c_custkey`)
) ENGINE=InnoDB DEFAULT CHARSET=utf8mb4 |
+--------+-----------------------------------------------------------------------------------------------------------------------------------------------------------------------------------------------------------------------------------------------------------------------------------------------------------------------------------------------------------------------------------------------------------------------------------------------------------------------------------------------------------------------------------------------------------------------------------------------------------------------------------------------------------------------------------------------------------------------------------------------------------------------------------------------------------------+
1 row in set (1.11 sec)

// 对于 KEY `i_o_orderdate` (`o_orderDATE`)来说，为什么下面的两个sql执行计划不一样？
// 索引为二级索引，需要回表。而回表次数=扫描行数，所以从第一个SQL来看，需要回表1486955次。

>计算题 （回表次数）
> 整表150w数据，假设每条记录100个字节。
> 比如where o_orderDATE > '1997-01-01' 需要扫描50w行，那就需要50w次的回表，也就是需要 50w * （B+ 树高度） 比如B+树高度为3 那么需要150w次的IO。
> 而直接扫描主键值，则需要 150w / (16k / 100) 次IO，直接扫描叶子节点。肯定少于150w次。
> MySQL优化器肯定不会傻到去用150w次的IO计算方式。
> 
(root@localhost)[dbt3]> explain select * from orders where o_orderDATE > '1997-01-01';
+----+-------------+--------+------------+------+---------------+------+---------+------+---------+----------+-------------+
| id | select_type | table  | partitions | type | possible_keys | key  | key_len | ref  | rows    | filtered | Extra       |
+----+-------------+--------+------------+------+---------------+------+---------+------+---------+----------+-------------+
|  1 | SIMPLE      | orders | NULL       | ALL  | i_o_orderdate | NULL | NULL    | NULL | 1486955 |    50.00 | Using where |
+----+-------------+--------+------------+------+---------------+------+---------+------+---------+----------+-------------+
1 row in set, 1 warning (1.00 sec)

(root@localhost)[dbt3]> explain select * from orders where o_orderDATE > '1999-01-01';
+----+-------------+--------+------------+-------+---------------+---------------+---------+------+------+----------+-----------------------+
| id | select_type | table  | partitions | type  | possible_keys | key           | key_len | ref  | rows | filtered | Extra                 |
+----+-------------+--------+------------+-------+---------------+---------------+---------+------+------+----------+-----------------------+
|  1 | SIMPLE      | orders | NULL       | range | i_o_orderdate | i_o_orderdate | 4       | NULL |    1 |   100.00 | Using index condition |
+----+-------------+--------+------------+-------+---------------+---------------+---------+------+------+----------+-----------------------+
1 row in set, 1 warning (0.01 sec)

(root@localhost)[dbt3]>

```

### 4. Hash Join 算法 （MySQL暂时不支持）
